{
  "model_name": "tab_a9_golf_case_text",
  "volume_mm3": 75.75482392920006,
  "volume_cm3": 0.07575482392920006,
  "solid_mass_g": 0.09620862639008408,
  "estimated_material_g": 0.10775366155689418,
  "estimated_cost_usd": 0.0025860878773654606,
  "settings": {
    "filament_density_g_cm3": 1.27,
    "filament_cost_per_kg": 24.0,
    "material_multiplier": 1.12
  }
}
