{
  "model_name": "tab_a9_golf_case",
  "volume_mm3": 142396.0169254804,
  "volume_cm3": 142.39601692548038,
  "solid_mass_g": 180.8429414953601,
  "estimated_material_g": 202.54409447480333,
  "estimated_cost_usd": 4.86105826739528,
  "settings": {
    "filament_density_g_cm3": 1.27,
    "filament_cost_per_kg": 24.0,
    "material_multiplier": 1.12
  }
}
