{
  "model_name": "tab_a9_golf_case",
  "volume_mm3": 140421.7795820634,
  "volume_cm3": 140.4217795820634,
  "solid_mass_g": 178.33566006922052,
  "estimated_material_g": 199.735939277527,
  "estimated_cost_usd": 4.793662542660648,
  "settings": {
    "filament_density_g_cm3": 1.27,
    "filament_cost_per_kg": 24.0,
    "material_multiplier": 1.12
  }
}
