{
  "model_name": "tab_a9_golf_case",
  "volume_mm3": 140415.6149293995,
  "volume_cm3": 140.4156149293995,
  "solid_mass_g": 178.3278309603374,
  "estimated_material_g": 199.7271706755779,
  "estimated_cost_usd": 4.79345209621387,
  "settings": {
    "filament_density_g_cm3": 1.27,
    "filament_cost_per_kg": 24.0,
    "material_multiplier": 1.12
  }
}
