{
  "model_name": "tab_a9_golf_case",
  "volume_mm3": 143280.9660126365,
  "volume_cm3": 143.2809660126365,
  "solid_mass_g": 181.96682683604834,
  "estimated_material_g": 203.80284605637416,
  "estimated_cost_usd": 4.89126830535298,
  "settings": {
    "filament_density_g_cm3": 1.27,
    "filament_cost_per_kg": 24.0,
    "material_multiplier": 1.12
  }
}
