{
  "model_name": "tab_a9_golf_case",
  "volume_mm3": 142452.92623876806,
  "volume_cm3": 142.45292623876807,
  "solid_mass_g": 180.91521632323546,
  "estimated_material_g": 202.62504228202374,
  "estimated_cost_usd": 4.86300101476857,
  "settings": {
    "filament_density_g_cm3": 1.27,
    "filament_cost_per_kg": 24.0,
    "material_multiplier": 1.12
  }
}
