{
  "model_name": "tab_a9_golf_case",
  "volume_mm3": 143985.39700871435,
  "volume_cm3": 143.98539700871436,
  "solid_mass_g": 182.86145420106723,
  "estimated_material_g": 204.80482870519532,
  "estimated_cost_usd": 4.915315888924687,
  "settings": {
    "filament_density_g_cm3": 1.27,
    "filament_cost_per_kg": 24.0,
    "material_multiplier": 1.12
  }
}
