{
  "model_name": "tab_a9_golf_case",
  "volume_mm3": 144101.11473697485,
  "volume_cm3": 144.10111473697486,
  "solid_mass_g": 183.00841571595808,
  "estimated_material_g": 204.96942560187307,
  "estimated_cost_usd": 4.919266214444954,
  "settings": {
    "filament_density_g_cm3": 1.27,
    "filament_cost_per_kg": 24.0,
    "material_multiplier": 1.12
  }
}
