{
  "model_name": "tab_a9_golf_case",
  "volume_mm3": 144325.04560550625,
  "volume_cm3": 144.32504560550626,
  "solid_mass_g": 183.29280791899296,
  "estimated_material_g": 205.28794486927214,
  "estimated_cost_usd": 4.926910676862531,
  "settings": {
    "filament_density_g_cm3": 1.27,
    "filament_cost_per_kg": 24.0,
    "material_multiplier": 1.12
  }
}
