{
  "model_name": "tab_a9_golf_case",
  "volume_mm3": 142316.5075532601,
  "volume_cm3": 142.3165075532601,
  "solid_mass_g": 180.74196459264033,
  "estimated_material_g": 202.43100034375718,
  "estimated_cost_usd": 4.858344008250173,
  "settings": {
    "filament_density_g_cm3": 1.27,
    "filament_cost_per_kg": 24.0,
    "material_multiplier": 1.12
  }
}
